customer_id,first_name,last_name,email,address_id,phone
1,Mary,Smith,mary.smith@sakilacustomer.org,5,28303384290
2,Patricia,Johnson,patricia.johnson@sakilacustomer.org,6,838635286649
3,Linda,Williams,linda.williams@sakilacustomer.org,7,448477190408
4,Barbara,Jones,barbara.jones@sakilacustomer.org,8,705814003527
5,Elizabeth,Brown,elizabeth.brown@sakilacustomer.org,9,10655648674
6,Jennifer,Davis,jennifer.davis@sakilacustomer.org,10,860452626434
7,Maria,Miller,maria.miller@sakilacustomer.org,11,716571220373
8,Susan,Wilson,susan.wilson@sakilacustomer.org,12,657282285970
9,Margaret,Moore,margaret.moore@sakilacustomer.org,13,380657522649
10,Dorothy,Taylor,dorothy.taylor@sakilacustomer.org,14,648856936185
11,Lisa,Anderson,lisa.anderson@sakilacustomer.org,15,635297277345
12,Nancy,Thomas,nancy.thomas@sakilacustomer.org,16,465887807014
13,Karen,Jackson,karen.jackson@sakilacustomer.org,17,695479687538
14,Betty,White,betty.white@sakilacustomer.org,18,517338314235
15,Helen,Harris,helen.harris@sakilacustomer.org,19,990911107354
16,Sandra,Martin,sandra.martin@sakilacustomer.org,20,949312333307
17,Donna,Thompson,donna.thompson@sakilacustomer.org,21,407752414682
18,Carol,Garcia,carol.garcia@sakilacustomer.org,22,747791594069
19,Ruth,Martinez,ruth.martinez@sakilacustomer.org,23,272572357893
20,Sharon,Robinson,sharon.robinson@sakilacustomer.org,24,144453869132
21,Michelle,Clark,michelle.clark@sakilacustomer.org,25,892775750063
22,Laura,Rodriguez,laura.rodriguez@sakilacustomer.org,26,161968374323
23,Sarah,Lewis,sarah.lewis@sakilacustomer.org,27,902731229323
24,Kimberly,Lee,kimberly.lee@sakilacustomer.org,28,934730187245
25,Deborah,Walker,deborah.walker@sakilacustomer.org,29,196495945706
26,Jessica,Hall,jessica.hall@sakilacustomer.org,30,998009777982
27,Shirley,Allen,shirley.allen@sakilacustomer.org,31,665356572025
28,Cynthia,Young,cynthia.young@sakilacustomer.org,32,678220867005
29,Angela,Hernandez,angela.hernandez@sakilacustomer.org,33,18461860151
30,Melissa,King,melissa.king@sakilacustomer.org,34,525255540978
31,Brenda,Wright,brenda.wright@sakilacustomer.org,35,745994947458
32,Amy,Lopez,amy.lopez@sakilacustomer.org,36,627705991774
33,Anna,Hill,anna.hill@sakilacustomer.org,37,911872220378
34,Rebecca,Scott,rebecca.scott@sakilacustomer.org,38,708403338270
35,Virginia,Green,virginia.green@sakilacustomer.org,39,440512153169
36,Kathleen,Adams,kathleen.adams@sakilacustomer.org,40,481183273622
37,Pamela,Baker,pamela.baker@sakilacustomer.org,41,912257250465
38,Martha,Gonzalez,martha.gonzalez@sakilacustomer.org,42,489783829737
39,Debra,Nelson,debra.nelson@sakilacustomer.org,43,378318851631
40,Amanda,Carter,amanda.carter@sakilacustomer.org,44,680768868518
41,Stephanie,Mitchell,stephanie.mitchell@sakilacustomer.org,45,42384721397
42,Carolyn,Perez,carolyn.perez@sakilacustomer.org,46,471675840679
43,Christine,Roberts,christine.roberts@sakilacustomer.org,47,539758313890
44,Marie,Turner,marie.turner@sakilacustomer.org,48,177727722820
45,Janet,Phillips,janet.phillips@sakilacustomer.org,49,675292816413
46,Catherine,Campbell,catherine.campbell@sakilacustomer.org,50,262076994845
47,Frances,Parker,frances.parker@sakilacustomer.org,51,69493378813
48,Ann,Evans,ann.evans@sakilacustomer.org,52,705800322606
49,Joyce,Edwards,joyce.edwards@sakilacustomer.org,53,876295323994
50,Diane,Collins,diane.collins@sakilacustomer.org,54,307703950263
51,Alice,Stewart,alice.stewart@sakilacustomer.org,55,171822533480
52,Julie,Sanchez,julie.sanchez@sakilacustomer.org,56,680428310138
53,Heather,Morris,heather.morris@sakilacustomer.org,57,697760867968
54,Teresa,Rogers,teresa.rogers@sakilacustomer.org,58,920811325222
55,Doris,Reed,doris.reed@sakilacustomer.org,59,499352017190
56,Gloria,Cook,gloria.cook@sakilacustomer.org,60,347487831378
57,Evelyn,Morgan,evelyn.morgan@sakilacustomer.org,61,889318963672
58,Jean,Bell,jean.bell@sakilacustomer.org,62,212869228936
59,Cheryl,Murphy,cheryl.murphy@sakilacustomer.org,63,800024380485
60,Mildred,Bailey,mildred.bailey@sakilacustomer.org,64,250767749542
61,Katherine,Rivera,katherine.rivera@sakilacustomer.org,65,1395251317
62,Joan,Cooper,joan.cooper@sakilacustomer.org,66,914090181665
63,Ashley,Richardson,ashley.richardson@sakilacustomer.org,67,491001136577
64,Judith,Cox,judith.cox@sakilacustomer.org,68,333489324603
65,Rose,Howard,rose.howard@sakilacustomer.org,69,409983924481
66,Janice,Ward,janice.ward@sakilacustomer.org,70,663449333709
67,Kelly,Torres,kelly.torres@sakilacustomer.org,71,947233365992
68,Nicole,Peterson,nicole.peterson@sakilacustomer.org,72,990214419142
69,Judy,Gray,judy.gray@sakilacustomer.org,73,107137400143
70,Christina,Ramirez,christina.ramirez@sakilacustomer.org,74,407733804223
71,Kathy,James,kathy.james@sakilacustomer.org,75,565018274456
72,Theresa,Watson,theresa.watson@sakilacustomer.org,76,255800440636
73,Beverly,Brooks,beverly.brooks@sakilacustomer.org,77,427454485876
74,Denise,Kelly,denise.kelly@sakilacustomer.org,78,241832790687
75,Tammy,Sanders,tammy.sanders@sakilacustomer.org,79,251164340471
76,Irene,Price,irene.price@sakilacustomer.org,80,896314772871
77,Jane,Bennett,jane.bennett@sakilacustomer.org,81,918711376618
78,Lori,Wood,lori.wood@sakilacustomer.org,82,875756771675
79,Rachel,Barnes,rachel.barnes@sakilacustomer.org,83,18581624103
80,Marilyn,Ross,marilyn.ross@sakilacustomer.org,84,701457319790
81,Andrea,Henderson,andrea.henderson@sakilacustomer.org,85,223664661973
82,Kathryn,Coleman,kathryn.coleman@sakilacustomer.org,86,821972242086
83,Louise,Jenkins,louise.jenkins@sakilacustomer.org,87,800716535041
84,Sara,Perry,sara.perry@sakilacustomer.org,88,48417642933
85,Anne,Powell,anne.powell@sakilacustomer.org,89,720998247660
86,Jacqueline,Long,jacqueline.long@sakilacustomer.org,90,135117278909
87,Wanda,Patterson,wanda.patterson@sakilacustomer.org,91,198123170793
88,Bonnie,Hughes,bonnie.hughes@sakilacustomer.org,92,978987363654
89,Julia,Flores,julia.flores@sakilacustomer.org,93,846225459260
90,Ruby,Washington,ruby.washington@sakilacustomer.org,94,991562402283
91,Lois,Butler,lois.butler@sakilacustomer.org,95,345679835036
92,Tina,Simmons,tina.simmons@sakilacustomer.org,96,132986892228
93,Phyllis,Foster,phyllis.foster@sakilacustomer.org,97,275595571388
94,Norma,Gonzales,norma.gonzales@sakilacustomer.org,98,835433605312
95,Paula,Bryant,paula.bryant@sakilacustomer.org,99,4764773857
96,Diana,Alexander,diana.alexander@sakilacustomer.org,100,6171054059
97,Annie,Russell,annie.russell@sakilacustomer.org,101,817248913162
98,Lillian,Griffin,lillian.griffin@sakilacustomer.org,102,412903167998
99,Emily,Diaz,emily.diaz@sakilacustomer.org,103,333339908719
100,Robin,Hayes,robin.hayes@sakilacustomer.org,104,942570536750
101,Peggy,Myers,peggy.myers@sakilacustomer.org,105,196568435814
102,Crystal,Ford,crystal.ford@sakilacustomer.org,106,709935135487
103,Gladys,Hamilton,gladys.hamilton@sakilacustomer.org,107,484292626944
104,Rita,Graham,rita.graham@sakilacustomer.org,108,449216226468
105,Dawn,Sullivan,dawn.sullivan@sakilacustomer.org,109,963887147572
106,Connie,Wallace,connie.wallace@sakilacustomer.org,110,547003310357
107,Florence,Woods,florence.woods@sakilacustomer.org,111,330838016880
108,Tracy,Cole,tracy.cole@sakilacustomer.org,112,371490777743
109,Edna,West,edna.west@sakilacustomer.org,113,622255216127
110,Tiffany,Jordan,tiffany.jordan@sakilacustomer.org,114,379804592943
111,Carmen,Owens,carmen.owens@sakilacustomer.org,115,272234298332
112,Rosa,Reynolds,rosa.reynolds@sakilacustomer.org,116,824370924746
113,Cindy,Fisher,cindy.fisher@sakilacustomer.org,117,358178933857
114,Grace,Ellis,grace.ellis@sakilacustomer.org,118,886636413768
115,Wendy,Harrison,wendy.harrison@sakilacustomer.org,119,867546627903
116,Victoria,Gibson,victoria.gibson@sakilacustomer.org,120,386759646229
117,Edith,Mcdonald,edith.mcdonald@sakilacustomer.org,121,577812616052
118,Kim,Cruz,kim.cruz@sakilacustomer.org,122,909029256431
119,Sherry,Marshall,sherry.marshall@sakilacustomer.org,123,787654415858
120,Sylvia,Ortiz,sylvia.ortiz@sakilacustomer.org,124,765345144779
121,Josephine,Gomez,josephine.gomez@sakilacustomer.org,125,665993880048
122,Thelma,Murray,thelma.murray@sakilacustomer.org,126,937222955822
123,Shannon,Freeman,shannon.freeman@sakilacustomer.org,127,677976133614
124,Sheila,Wells,sheila.wells@sakilacustomer.org,128,614935229095
125,Ethel,Webb,ethel.webb@sakilacustomer.org,129,490211944645
126,Ellen,Simpson,ellen.simpson@sakilacustomer.org,130,582835362905
127,Elaine,Stevens,elaine.stevens@sakilacustomer.org,131,237426099212
128,Marjorie,Tucker,marjorie.tucker@sakilacustomer.org,132,973047364353
129,Carrie,Porter,carrie.porter@sakilacustomer.org,133,509492324775
130,Charlotte,Hunter,charlotte.hunter@sakilacustomer.org,134,935448624185
131,Monica,Hicks,monica.hicks@sakilacustomer.org,135,252265130067
132,Esther,Crawford,esther.crawford@sakilacustomer.org,136,707169393853
133,Pauline,Henry,pauline.henry@sakilacustomer.org,137,321944036800
134,Emma,Boyd,emma.boyd@sakilacustomer.org,138,23712411567
135,Juanita,Mason,juanita.mason@sakilacustomer.org,139,90921003005
136,Anita,Morales,anita.morales@sakilacustomer.org,140,146497509724
137,Rhonda,Kennedy,rhonda.kennedy@sakilacustomer.org,141,963369996279
138,Hazel,Warren,hazel.warren@sakilacustomer.org,142,468060467018
139,Amber,Dixon,amber.dixon@sakilacustomer.org,143,33173584456
140,Eva,Ramos,eva.ramos@sakilacustomer.org,144,9099941466
141,Debbie,Reyes,debbie.reyes@sakilacustomer.org,145,581852137991
142,April,Burns,april.burns@sakilacustomer.org,146,581174211853
143,Leslie,Gordon,leslie.gordon@sakilacustomer.org,147,923261616249
144,Clara,Shaw,clara.shaw@sakilacustomer.org,148,563660187896
145,Lucille,Holmes,lucille.holmes@sakilacustomer.org,149,918032330119
146,Jamie,Rice,jamie.rice@sakilacustomer.org,150,206841104594
147,Joanne,Robertson,joanne.robertson@sakilacustomer.org,151,597815221267
148,Eleanor,Hunt,eleanor.hunt@sakilacustomer.org,152,354615066969
149,Valerie,Black,valerie.black@sakilacustomer.org,153,885899703621
150,Danielle,Daniels,danielle.daniels@sakilacustomer.org,154,632316273199
151,Megan,Palmer,megan.palmer@sakilacustomer.org,155,189446090264
152,Alicia,Mills,alicia.mills@sakilacustomer.org,156,761379480249
153,Suzanne,Nichols,suzanne.nichols@sakilacustomer.org,157,719202533520
154,Michele,Grant,michele.grant@sakilacustomer.org,158,499408708580
155,Gail,Knight,gail.knight@sakilacustomer.org,159,904253967161
156,Bertha,Ferguson,bertha.ferguson@sakilacustomer.org,160,889538496300
157,Darlene,Rose,darlene.rose@sakilacustomer.org,161,368899174225
158,Veronica,Stone,veronica.stone@sakilacustomer.org,162,170117068815
159,Jill,Hawkins,jill.hawkins@sakilacustomer.org,163,931059836497
160,Erin,Dunn,erin.dunn@sakilacustomer.org,164,149981248346
161,Geraldine,Perkins,geraldine.perkins@sakilacustomer.org,165,177167004331
162,Lauren,Hudson,lauren.hudson@sakilacustomer.org,166,168476538960
163,Cathy,Spencer,cathy.spencer@sakilacustomer.org,167,819416131190
164,Joann,Gardner,joann.gardner@sakilacustomer.org,168,697151428760
165,Lorraine,Stephens,lorraine.stephens@sakilacustomer.org,169,935508855935
166,Lynn,Payne,lynn.payne@sakilacustomer.org,170,843801144113
167,Sally,Pierce,sally.pierce@sakilacustomer.org,171,182363341674
168,Regina,Berry,regina.berry@sakilacustomer.org,172,201705577290
169,Erica,Matthews,erica.matthews@sakilacustomer.org,173,161801569569
170,Beatrice,Arnold,beatrice.arnold@sakilacustomer.org,174,264541743403
171,Dolores,Wagner,dolores.wagner@sakilacustomer.org,175,275788967899
172,Bernice,Willis,bernice.willis@sakilacustomer.org,176,734780743462
173,Audrey,Ray,audrey.ray@sakilacustomer.org,177,493008546874
174,Yvonne,Watkins,yvonne.watkins@sakilacustomer.org,178,48265851133
175,Annette,Olson,annette.olson@sakilacustomer.org,179,230250973122
176,June,Carroll,june.carroll@sakilacustomer.org,180,506134035434
177,Samantha,Duncan,samantha.duncan@sakilacustomer.org,181,953689007081
178,Marion,Snyder,marion.snyder@sakilacustomer.org,182,391065549876
179,Dana,Hart,dana.hart@sakilacustomer.org,183,866092335135
180,Stacy,Cunningham,stacy.cunningham@sakilacustomer.org,184,104150372603
181,Ana,Bradley,ana.bradley@sakilacustomer.org,185,72136330362
182,Renee,Lane,renee.lane@sakilacustomer.org,186,662227486184
183,Ida,Andrews,ida.andrews@sakilacustomer.org,187,947468818183
184,Vivian,Ruiz,vivian.ruiz@sakilacustomer.org,188,302590383819
185,Roberta,Harper,roberta.harper@sakilacustomer.org,189,951486492670
186,Holly,Fox,holly.fox@sakilacustomer.org,190,760171523969
187,Brittany,Riley,brittany.riley@sakilacustomer.org,191,855863906434
188,Melanie,Armstrong,melanie.armstrong@sakilacustomer.org,192,650752094490
189,Loretta,Carpenter,loretta.carpenter@sakilacustomer.org,193,247646995453
190,Yolanda,Weaver,yolanda.weaver@sakilacustomer.org,194,352469351088
191,Jeanette,Greene,jeanette.greene@sakilacustomer.org,195,812824036424
192,Laurie,Lawrence,laurie.lawrence@sakilacustomer.org,196,956188728558
193,Katie,Elliott,katie.elliott@sakilacustomer.org,197,940830176580
194,Kristen,Chavez,kristen.chavez@sakilacustomer.org,198,104491201771
195,Vanessa,Sims,vanessa.sims@sakilacustomer.org,199,419419591240
196,Alma,Austin,alma.austin@sakilacustomer.org,200,331132568928
197,Sue,Peters,sue.peters@sakilacustomer.org,201,264286442804
198,Elsie,Kelley,elsie.kelley@sakilacustomer.org,202,768481779568
199,Beth,Franklin,beth.franklin@sakilacustomer.org,203,470884141195
200,Jeanne,Lawson,jeanne.lawson@sakilacustomer.org,204,764477681869
201,Vicki,Fields,vicki.fields@sakilacustomer.org,205,146640639760
202,Carla,Gutierrez,carla.gutierrez@sakilacustomer.org,206,369050085652
203,Tara,Ryan,tara.ryan@sakilacustomer.org,207,652218196731
204,Rosemary,Schmidt,rosemary.schmidt@sakilacustomer.org,208,646237101779
205,Eileen,Carr,eileen.carr@sakilacustomer.org,209,905903574913
206,Terri,Vasquez,terri.vasquez@sakilacustomer.org,210,90336226227
207,Gertrude,Castillo,gertrude.castillo@sakilacustomer.org,211,403404780639
208,Lucy,Wheeler,lucy.wheeler@sakilacustomer.org,212,49677664184
209,Tonya,Chapman,tonya.chapman@sakilacustomer.org,213,95666951770
210,Ella,Oliver,ella.oliver@sakilacustomer.org,214,756460337785
211,Stacey,Montgomery,stacey.montgomery@sakilacustomer.org,215,408304391718
212,Wilma,Richards,wilma.richards@sakilacustomer.org,216,168758068397
213,Gina,Williamson,gina.williamson@sakilacustomer.org,217,584316724815
214,Kristin,Johnston,kristin.johnston@sakilacustomer.org,218,785881412500
215,Jessie,Banks,jessie.banks@sakilacustomer.org,219,352679173732
216,Natalie,Meyer,natalie.meyer@sakilacustomer.org,220,873492228462
217,Agnes,Bishop,agnes.bishop@sakilacustomer.org,221,778502731092
218,Vera,Mccoy,vera.mccoy@sakilacustomer.org,222,886649065861
219,Willie,Howell,willie.howell@sakilacustomer.org,223,991802825778
220,Charlene,Alvarez,charlene.alvarez@sakilacustomer.org,224,706878974831
221,Bessie,Morrison,bessie.morrison@sakilacustomer.org,225,469738825391
222,Delores,Hansen,delores.hansen@sakilacustomer.org,226,516331171356
223,Melinda,Fernandez,melinda.fernandez@sakilacustomer.org,227,99760893676
224,Pearl,Garza,pearl.garza@sakilacustomer.org,228,963063788669
225,Arlene,Harvey,arlene.harvey@sakilacustomer.org,229,460795526514
226,Maureen,Little,maureen.little@sakilacustomer.org,230,684192903087
227,Colleen,Burton,colleen.burton@sakilacustomer.org,231,669828224459
228,Allison,Stanley,allison.stanley@sakilacustomer.org,232,594319417514
229,Tamara,Nguyen,tamara.nguyen@sakilacustomer.org,233,22326410776
230,Joy,George,joy.george@sakilacustomer.org,234,479007229460
231,Georgia,Jacobs,georgia.jacobs@sakilacustomer.org,235,541327526474
232,Constance,Reid,constance.reid@sakilacustomer.org,236,588964509072
233,Lillie,Kim,lillie.kim@sakilacustomer.org,237,431770603551
234,Claudia,Fuller,claudia.fuller@sakilacustomer.org,238,630424482919
235,Jackie,Lynch,jackie.lynch@sakilacustomer.org,239,610173756082
236,Marcia,Dean,marcia.dean@sakilacustomer.org,240,727785483194
237,Tanya,Gilbert,tanya.gilbert@sakilacustomer.org,241,792557457753
238,Nellie,Garrett,nellie.garrett@sakilacustomer.org,242,918119601885
239,Minnie,Romero,minnie.romero@sakilacustomer.org,243,63937119031
240,Marlene,Welch,marlene.welch@sakilacustomer.org,244,137773001988
241,Heidi,Larson,heidi.larson@sakilacustomer.org,245,279979529227
242,Glenda,Frazier,glenda.frazier@sakilacustomer.org,246,890283544295
243,Lydia,Burke,lydia.burke@sakilacustomer.org,247,686015532180
244,Viola,Hanson,viola.hanson@sakilacustomer.org,248,569868543137
245,Courtney,Day,courtney.day@sakilacustomer.org,249,890289150158
246,Marian,Mendoza,marian.mendoza@sakilacustomer.org,250,741070712873
247,Stella,Moreno,stella.moreno@sakilacustomer.org,251,266798132374
248,Caroline,Bowman,caroline.bowman@sakilacustomer.org,252,435785045362
249,Dora,Medina,dora.medina@sakilacustomer.org,253,56257502250
250,Jo,Fowler,jo.fowler@sakilacustomer.org,254,716256596301
251,Vickie,Brewer,vickie.brewer@sakilacustomer.org,255,567359279425
252,Mattie,Hoffman,mattie.hoffman@sakilacustomer.org,256,246810237916
253,Terry,Carlson,terry.carlson@sakilacustomer.org,258,134673576619
254,Maxine,Silva,maxine.silva@sakilacustomer.org,259,840522972766
255,Irma,Pearson,irma.pearson@sakilacustomer.org,260,987442542471
256,Mabel,Holland,mabel.holland@sakilacustomer.org,261,884536620568
257,Marsha,Douglas,marsha.douglas@sakilacustomer.org,262,245477603573
258,Myrtle,Fleming,myrtle.fleming@sakilacustomer.org,263,46871694740
259,Lena,Jensen,lena.jensen@sakilacustomer.org,264,538241037443
260,Christy,Vargas,christy.vargas@sakilacustomer.org,265,276555730211
261,Deanna,Byrd,deanna.byrd@sakilacustomer.org,266,265153400632
262,Patsy,Davidson,patsy.davidson@sakilacustomer.org,267,282874611748
263,Hilda,Hopkins,hilda.hopkins@sakilacustomer.org,268,322888976727
264,Gwendolyn,May,gwendolyn.may@sakilacustomer.org,269,303967439816
265,Jennie,Terry,jennie.terry@sakilacustomer.org,270,475553436330
266,Nora,Herrera,nora.herrera@sakilacustomer.org,271,621625204422
267,Margie,Wade,margie.wade@sakilacustomer.org,272,192459639410
268,Nina,Soto,nina.soto@sakilacustomer.org,273,357445645426
269,Cassandra,Walters,cassandra.walters@sakilacustomer.org,274,685010736240
270,Leah,Curtis,leah.curtis@sakilacustomer.org,275,701767622697
271,Penny,Neal,penny.neal@sakilacustomer.org,276,271149517630
272,Kay,Caldwell,kay.caldwell@sakilacustomer.org,277,170739645687
273,Priscilla,Lowe,priscilla.lowe@sakilacustomer.org,278,45387294817
274,Naomi,Jennings,naomi.jennings@sakilacustomer.org,279,959949395183
275,Carole,Barnett,carole.barnett@sakilacustomer.org,280,874337098891
276,Brandy,Graves,brandy.graves@sakilacustomer.org,281,75975221996
277,Olga,Jimenez,olga.jimenez@sakilacustomer.org,282,363982224739
278,Billie,Horton,billie.horton@sakilacustomer.org,283,880756161823
279,Dianne,Shelton,dianne.shelton@sakilacustomer.org,284,117592274996
280,Tracey,Barrett,tracey.barrett@sakilacustomer.org,285,85059738746
281,Leona,Obrien,leona.obrien@sakilacustomer.org,286,583021225407
282,Jenny,Castro,jenny.castro@sakilacustomer.org,287,62781725285
283,Felicia,Sutton,felicia.sutton@sakilacustomer.org,288,790651020929
284,Sonia,Gregory,sonia.gregory@sakilacustomer.org,289,195003555232
285,Miriam,Mckinney,miriam.mckinney@sakilacustomer.org,290,341242939532
286,Velma,Lucas,velma.lucas@sakilacustomer.org,291,558236142492
287,Becky,Miles,becky.miles@sakilacustomer.org,292,648482415405
288,Bobbie,Craig,bobbie.craig@sakilacustomer.org,293,957128697225
289,Violet,Rodriquez,violet.rodriquez@sakilacustomer.org,294,172262454487
290,Kristina,Chambers,kristina.chambers@sakilacustomer.org,295,892523334
291,Toni,Holt,toni.holt@sakilacustomer.org,296,976798660411
292,Misty,Lambert,misty.lambert@sakilacustomer.org,297,350970907017
293,Mae,Fletcher,mae.fletcher@sakilacustomer.org,298,96604821070
294,Shelly,Watts,shelly.watts@sakilacustomer.org,299,967274728547
295,Daisy,Bates,daisy.bates@sakilacustomer.org,300,816436065431
296,Ramona,Hale,ramona.hale@sakilacustomer.org,301,429925609431
297,Sherri,Rhodes,sherri.rhodes@sakilacustomer.org,302,510737228015
298,Erika,Pena,erika.pena@sakilacustomer.org,303,161643343536
299,James,Gannon,james.gannon@sakilacustomer.org,304,710603868323
300,John,Farnsworth,john.farnsworth@sakilacustomer.org,305,51917807050
301,Robert,Baughman,robert.baughman@sakilacustomer.org,306,96110042435
302,Michael,Silverman,michael.silverman@sakilacustomer.org,307,108053751300
303,William,Satterfield,william.satterfield@sakilacustomer.org,308,407218522294
304,David,Royal,david.royal@sakilacustomer.org,309,504434452842
305,Richard,Mccrary,richard.mccrary@sakilacustomer.org,310,262088367001
306,Charles,Kowalski,charles.kowalski@sakilacustomer.org,311,181179321332
307,Joseph,Joy,joseph.joy@sakilacustomer.org,312,573441801529
308,Thomas,Grigsby,thomas.grigsby@sakilacustomer.org,313,983259819766
309,Christopher,Greco,christopher.greco@sakilacustomer.org,314,806016930576
310,Daniel,Cabral,daniel.cabral@sakilacustomer.org,315,103602195112
311,Paul,Trout,paul.trout@sakilacustomer.org,316,688485191923
312,Mark,Rinehart,mark.rinehart@sakilacustomer.org,317,824396883951
313,Donald,Mahon,donald.mahon@sakilacustomer.org,318,613124286867
314,George,Linton,george.linton@sakilacustomer.org,319,704948322302
315,Kenneth,Gooden,kenneth.gooden@sakilacustomer.org,320,508800331065
316,Steven,Curley,steven.curley@sakilacustomer.org,321,139378397418
317,Edward,Baugh,edward.baugh@sakilacustomer.org,322,46568045367
318,Brian,Wyman,brian.wyman@sakilacustomer.org,323,556100547674
319,Ronald,Weiner,ronald.weiner@sakilacustomer.org,324,674805712553
320,Anthony,Schwab,anthony.schwab@sakilacustomer.org,325,478229987054
321,Kevin,Schuler,kevin.schuler@sakilacustomer.org,326,908029859266
322,Jason,Morrissey,jason.morrissey@sakilacustomer.org,327,972574862516
323,Matthew,Mahan,matthew.mahan@sakilacustomer.org,328,869051782691
324,Gary,Coy,gary.coy@sakilacustomer.org,329,168884817145
325,Timothy,Bunn,timothy.bunn@sakilacustomer.org,330,829116184079
326,Jose,Andrew,jose.andrew@sakilacustomer.org,331,961370847344
327,Larry,Thrasher,larry.thrasher@sakilacustomer.org,332,834418779292
328,Jeffrey,Spear,jeffrey.spear@sakilacustomer.org,333,38158430589
329,Frank,Waggoner,frank.waggoner@sakilacustomer.org,334,965273813662
330,Scott,Shelley,scott.shelley@sakilacustomer.org,335,165450987037
331,Eric,Robert,eric.robert@sakilacustomer.org,336,105470691550
332,Stephen,Qualls,stephen.qualls@sakilacustomer.org,337,38988715447
333,Andrew,Purdy,andrew.purdy@sakilacustomer.org,338,119501405123
334,Raymond,Mcwhorter,raymond.mcwhorter@sakilacustomer.org,339,834626715837
335,Gregory,Mauldin,gregory.mauldin@sakilacustomer.org,340,80303246192
336,Joshua,Mark,joshua.mark@sakilacustomer.org,341,869507847714
337,Jerry,Jordon,jerry.jordon@sakilacustomer.org,342,647899404952
338,Dennis,Gilman,dennis.gilman@sakilacustomer.org,343,231383037471
339,Walter,Perryman,walter.perryman@sakilacustomer.org,344,624138001031
340,Patrick,Newsom,patrick.newsom@sakilacustomer.org,345,870635127812
341,Peter,Menard,peter.menard@sakilacustomer.org,346,718917251754
342,Harold,Martino,harold.martino@sakilacustomer.org,347,697656479977
343,Douglas,Graf,douglas.graf@sakilacustomer.org,348,895616862749
344,Henry,Billingsley,henry.billingsley@sakilacustomer.org,349,64536069371
345,Carl,Artis,carl.artis@sakilacustomer.org,350,20064292617
346,Arthur,Simpkins,arthur.simpkins@sakilacustomer.org,351,262744791493
347,Ryan,Salisbury,ryan.salisbury@sakilacustomer.org,352,627924259271
348,Roger,Quintanilla,roger.quintanilla@sakilacustomer.org,353,55477302294
349,Joe,Gilliland,joe.gilliland@sakilacustomer.org,354,53912826864
350,Juan,Fraley,juan.fraley@sakilacustomer.org,355,689199636560
351,Jack,Foust,jack.foust@sakilacustomer.org,356,840957664136
352,Albert,Crouse,albert.crouse@sakilacustomer.org,357,256546485220
353,Jonathan,Scarborough,jonathan.scarborough@sakilacustomer.org,358,754358349853
354,Justin,Ngo,justin.ngo@sakilacustomer.org,359,764680915323
355,Terry,Grissom,terry.grissom@sakilacustomer.org,360,142596392389
356,Gerald,Fultz,gerald.fultz@sakilacustomer.org,361,650496654258
357,Keith,Rico,keith.rico@sakilacustomer.org,362,738968474939
358,Samuel,Marlow,samuel.marlow@sakilacustomer.org,363,620719383725
359,Willie,Markham,willie.markham@sakilacustomer.org,364,296394569728
360,Ralph,Madrigal,ralph.madrigal@sakilacustomer.org,365,102396298916
361,Lawrence,Lawton,lawrence.lawton@sakilacustomer.org,366,845378657301
362,Nicholas,Barfield,nicholas.barfield@sakilacustomer.org,367,675120358494
363,Roy,Whiting,roy.whiting@sakilacustomer.org,368,568367775448
364,Benjamin,Varney,benjamin.varney@sakilacustomer.org,369,151249681135
365,Bruce,Schwarz,bruce.schwarz@sakilacustomer.org,370,634445428822
366,Brandon,Huey,brandon.huey@sakilacustomer.org,371,99883471275
367,Adam,Gooch,adam.gooch@sakilacustomer.org,372,166898395731
368,Harry,Arce,harry.arce@sakilacustomer.org,373,320471479776
369,Fred,Wheat,fred.wheat@sakilacustomer.org,374,561729882725
370,Wayne,Truong,wayne.truong@sakilacustomer.org,375,960505250340
371,Billy,Poulin,billy.poulin@sakilacustomer.org,376,333390595558
372,Steve,Mackenzie,steve.mackenzie@sakilacustomer.org,377,440365973660
373,Louis,Leone,louis.leone@sakilacustomer.org,378,45554316010
374,Jeremy,Hurtado,jeremy.hurtado@sakilacustomer.org,379,600264533987
375,Aaron,Selby,aaron.selby@sakilacustomer.org,380,409315295763
376,Randy,Gaither,randy.gaither@sakilacustomer.org,381,96846695220
377,Howard,Fortner,howard.fortner@sakilacustomer.org,382,342720754566
378,Eugene,Culpepper,eugene.culpepper@sakilacustomer.org,383,71857599858
379,Carlos,Coughlin,carlos.coughlin@sakilacustomer.org,384,924815207181
380,Russell,Brinson,russell.brinson@sakilacustomer.org,385,821476736117
381,Bobby,Boudreau,bobby.boudreau@sakilacustomer.org,386,934352415130
382,Victor,Barkley,victor.barkley@sakilacustomer.org,387,486395999608
383,Martin,Bales,martin.bales@sakilacustomer.org,388,106439158941
384,Ernest,Stepp,ernest.stepp@sakilacustomer.org,389,550306965159
385,Phillip,Holm,phillip.holm@sakilacustomer.org,390,776031833752
386,Todd,Tan,todd.tan@sakilacustomer.org,391,619966287415
387,Jesse,Schilling,jesse.schilling@sakilacustomer.org,392,900235712074
388,Craig,Morrell,craig.morrell@sakilacustomer.org,393,426255288071
389,Alan,Kahn,alan.kahn@sakilacustomer.org,394,464511145118
390,Shawn,Heaton,shawn.heaton@sakilacustomer.org,395,175283210378
391,Clarence,Gamez,clarence.gamez@sakilacustomer.org,396,667736124769
392,Sean,Douglass,sean.douglass@sakilacustomer.org,397,47808359842
393,Philip,Causey,philip.causey@sakilacustomer.org,398,737229003916
394,Chris,Brothers,chris.brothers@sakilacustomer.org,399,537374465982
395,Johnny,Turpin,johnny.turpin@sakilacustomer.org,400,765957414528
396,Earl,Shanks,earl.shanks@sakilacustomer.org,401,679095087143
397,Jimmy,Schrader,jimmy.schrader@sakilacustomer.org,402,604177838256
398,Antonio,Meek,antonio.meek@sakilacustomer.org,403,841876514789
399,Danny,Isom,danny.isom@sakilacustomer.org,404,280578750435
400,Bryan,Hardison,bryan.hardison@sakilacustomer.org,405,775235029633
401,Tony,Carranza,tony.carranza@sakilacustomer.org,406,794553031307
402,Luis,Yanez,luis.yanez@sakilacustomer.org,407,516647474029
403,Mike,Way,mike.way@sakilacustomer.org,408,206169448769
404,Stanley,Scroggins,stanley.scroggins@sakilacustomer.org,409,1483365694
405,Leonard,Schofield,leonard.schofield@sakilacustomer.org,410,779461480495
406,Nathan,Runyon,nathan.runyon@sakilacustomer.org,411,302526949177
407,Dale,Ratcliff,dale.ratcliff@sakilacustomer.org,412,328494873422
408,Manuel,Murrell,manuel.murrell@sakilacustomer.org,413,359478883004
409,Rodney,Moeller,rodney.moeller@sakilacustomer.org,414,653436985797
410,Curtis,Irby,curtis.irby@sakilacustomer.org,415,615964523510
411,Norman,Currier,norman.currier@sakilacustomer.org,416,598912394463
412,Allen,Butterfield,allen.butterfield@sakilacustomer.org,417,129953030512
413,Marvin,Yee,marvin.yee@sakilacustomer.org,418,480039662421
414,Vincent,Ralston,vincent.ralston@sakilacustomer.org,419,680851640676
415,Glenn,Pullen,glenn.pullen@sakilacustomer.org,420,855290087237
416,Jeffery,Pinson,jeffery.pinson@sakilacustomer.org,421,15273765306
417,Travis,Estep,travis.estep@sakilacustomer.org,422,214976066017
418,Jeff,East,jeff.east@sakilacustomer.org,423,491271355190
419,Chad,Carbone,chad.carbone@sakilacustomer.org,424,987306329957
420,Jacob,Lance,jacob.lance@sakilacustomer.org,425,546793516940
421,Lee,Hawks,lee.hawks@sakilacustomer.org,426,270456873752
422,Melvin,Ellington,melvin.ellington@sakilacustomer.org,427,368284120423
423,Alfred,Casillas,alfred.casillas@sakilacustomer.org,428,129673677866
424,Kyle,Spurlock,kyle.spurlock@sakilacustomer.org,429,736517327853
425,Francis,Sikes,francis.sikes@sakilacustomer.org,430,548003849552
426,Bradley,Motley,bradley.motley@sakilacustomer.org,431,157133457169
427,Jesus,Mccartney,jesus.mccartney@sakilacustomer.org,432,419009857119
428,Herbert,Kruger,herbert.kruger@sakilacustomer.org,433,307133768620
429,Frederick,Isbell,frederick.isbell@sakilacustomer.org,434,572068624538
430,Ray,Houle,ray.houle@sakilacustomer.org,435,497288595103
431,Joel,Francisco,joel.francisco@sakilacustomer.org,436,82619513349
432,Edwin,Burk,edwin.burk@sakilacustomer.org,437,617567598243
433,Don,Bone,don.bone@sakilacustomer.org,438,342709348083
434,Eddie,Tomlin,eddie.tomlin@sakilacustomer.org,439,959834530529
435,Ricky,Shelby,ricky.shelby@sakilacustomer.org,440,746251338300
436,Troy,Quigley,troy.quigley@sakilacustomer.org,441,145720452260
437,Randall,Neumann,randall.neumann@sakilacustomer.org,442,331888642162
438,Barry,Lovelace,barry.lovelace@sakilacustomer.org,443,689681677428
439,Alexander,Fennell,alexander.fennell@sakilacustomer.org,444,575081026569
440,Bernard,Colby,bernard.colby@sakilacustomer.org,445,82088937724
441,Mario,Cheatham,mario.cheatham@sakilacustomer.org,446,406784385440
442,Leroy,Bustamante,leroy.bustamante@sakilacustomer.org,447,240776414296
443,Francisco,Skidmore,francisco.skidmore@sakilacustomer.org,448,876491807547
444,Marcus,Hidalgo,marcus.hidalgo@sakilacustomer.org,449,237368926031
445,Micheal,Forman,micheal.forman@sakilacustomer.org,450,411549550611
446,Theodore,Culp,theodore.culp@sakilacustomer.org,451,39463554936
447,Clifford,Bowens,clifford.bowens@sakilacustomer.org,452,782900030287
448,Miguel,Betancourt,miguel.betancourt@sakilacustomer.org,453,72524459905
449,Oscar,Aquino,oscar.aquino@sakilacustomer.org,454,474047727727
450,Jay,Robb,jay.robb@sakilacustomer.org,455,834061016202
451,Jim,Rea,jim.rea@sakilacustomer.org,456,524567129902
452,Tom,Milner,tom.milner@sakilacustomer.org,457,985109775584
453,Calvin,Martel,calvin.martel@sakilacustomer.org,458,974433019532
454,Alex,Gresham,alex.gresham@sakilacustomer.org,459,118011831565
455,Jon,Wiles,jon.wiles@sakilacustomer.org,460,205524798287
456,Ronnie,Ricketts,ronnie.ricketts@sakilacustomer.org,461,670370974122
457,Bill,Gavin,bill.gavin@sakilacustomer.org,462,924663855568
458,Lloyd,Dowd,lloyd.dowd@sakilacustomer.org,463,335052544020
459,Tommy,Collazo,tommy.collazo@sakilacustomer.org,464,762361821578
460,Leon,Bostic,leon.bostic@sakilacustomer.org,465,366776723320
461,Derek,Blakely,derek.blakely@sakilacustomer.org,466,325526730021
462,Warren,Sherrod,warren.sherrod@sakilacustomer.org,467,209342540247
463,Darrell,Power,darrell.power@sakilacustomer.org,468,164414772677
464,Jerome,Kenyon,jerome.kenyon@sakilacustomer.org,469,928809465153
465,Floyd,Gandy,floyd.gandy@sakilacustomer.org,470,49084281333
466,Leo,Ebert,leo.ebert@sakilacustomer.org,471,268053970382
467,Alvin,Deloach,alvin.deloach@sakilacustomer.org,472,769370126331
468,Tim,Cary,tim.cary@sakilacustomer.org,473,195337700615
469,Wesley,Bull,wesley.bull@sakilacustomer.org,474,622884741180
470,Gordon,Allard,gordon.allard@sakilacustomer.org,475,562370137426
471,Dean,Sauer,dean.sauer@sakilacustomer.org,476,248446668735
472,Greg,Robins,greg.robins@sakilacustomer.org,477,206060652238
473,Jorge,Olivares,jorge.olivares@sakilacustomer.org,478,932992626595
474,Dustin,Gillette,dustin.gillette@sakilacustomer.org,479,131912793873
475,Pedro,Chestnut,pedro.chestnut@sakilacustomer.org,480,726875628268
476,Derrick,Bourque,derrick.bourque@sakilacustomer.org,481,856872225376
477,Dan,Paine,dan.paine@sakilacustomer.org,482,553452430707
478,Lewis,Lyman,lewis.lyman@sakilacustomer.org,483,667648979883
479,Zachary,Hite,zachary.hite@sakilacustomer.org,484,191958435142
480,Corey,Hauser,corey.hauser@sakilacustomer.org,485,435118527255
481,Herman,Devore,herman.devore@sakilacustomer.org,486,510383179153
482,Maurice,Crawley,maurice.crawley@sakilacustomer.org,487,684529463244
483,Vernon,Chapa,vernon.chapa@sakilacustomer.org,488,975185523021
484,Roberto,Vu,roberto.vu@sakilacustomer.org,489,508348602835
485,Clyde,Tobias,clyde.tobias@sakilacustomer.org,490,702955450528
486,Glen,Talbert,glen.talbert@sakilacustomer.org,491,936806643983
487,Hector,Poindexter,hector.poindexter@sakilacustomer.org,492,589377568313
488,Shane,Millard,shane.millard@sakilacustomer.org,493,488425406814
489,Ricardo,Meador,ricardo.meador@sakilacustomer.org,494,37247325001
490,Sam,Mcduffie,sam.mcduffie@sakilacustomer.org,495,17305839123
491,Rick,Mattox,rick.mattox@sakilacustomer.org,496,171973024401
492,Lester,Kraus,lester.kraus@sakilacustomer.org,497,158399646978
493,Brent,Harkins,brent.harkins@sakilacustomer.org,498,854259976812
494,Ramon,Choate,ramon.choate@sakilacustomer.org,499,898559280434
495,Charlie,Bess,charlie.bess@sakilacustomer.org,500,962020153680
496,Tyler,Wren,tyler.wren@sakilacustomer.org,501,211256301880
497,Gilbert,Sledge,gilbert.sledge@sakilacustomer.org,502,959467760895
498,Gene,Sanborn,gene.sanborn@sakilacustomer.org,503,144206758053
499,Marc,Outlaw,marc.outlaw@sakilacustomer.org,504,465897838272
500,Reginald,Kinder,reginald.kinder@sakilacustomer.org,505,793996678771
501,Ruben,Geary,ruben.geary@sakilacustomer.org,506,52709222667
502,Brett,Cornwell,brett.cornwell@sakilacustomer.org,507,868602816371
503,Angel,Barclay,angel.barclay@sakilacustomer.org,508,759586584889
504,Nathaniel,Adam,nathaniel.adam@sakilacustomer.org,509,111177206479
505,Rafael,Abney,rafael.abney@sakilacustomer.org,510,82671830126
506,Leslie,Seward,leslie.seward@sakilacustomer.org,511,131370665218
507,Edgar,Rhoads,edgar.rhoads@sakilacustomer.org,512,402630109080
508,Milton,Howland,milton.howland@sakilacustomer.org,513,441628280920
509,Raul,Fortier,raul.fortier@sakilacustomer.org,514,442673923363
510,Ben,Easter,ben.easter@sakilacustomer.org,515,711928348157
511,Chester,Benner,chester.benner@sakilacustomer.org,516,59634255214
512,Cecil,Vines,cecil.vines@sakilacustomer.org,517,879347453467
513,Duane,Tubbs,duane.tubbs@sakilacustomer.org,519,282667506728
514,Franklin,Troutman,franklin.troutman@sakilacustomer.org,520,288910576761
515,Andre,Rapp,andre.rapp@sakilacustomer.org,521,602101369463
516,Elmer,Noe,elmer.noe@sakilacustomer.org,522,448876499197
517,Brad,Mccurdy,brad.mccurdy@sakilacustomer.org,523,627425618482
518,Gabriel,Harder,gabriel.harder@sakilacustomer.org,524,158326114853
519,Ron,Deluca,ron.deluca@sakilacustomer.org,525,132100972047
520,Mitchell,Westmoreland,mitchell.westmoreland@sakilacustomer.org,526,574973479129
521,Roland,South,roland.south@sakilacustomer.org,527,25865528181
522,Arnold,Havens,arnold.havens@sakilacustomer.org,528,236679267178
523,Harvey,Guajardo,harvey.guajardo@sakilacustomer.org,529,638409958875
524,Jared,Ely,jared.ely@sakilacustomer.org,530,35533115997
525,Adrian,Clary,adrian.clary@sakilacustomer.org,531,182059202712
526,Karl,Seal,karl.seal@sakilacustomer.org,532,214756839122
527,Cory,Meehan,cory.meehan@sakilacustomer.org,533,338244023543
528,Claude,Herzog,claude.herzog@sakilacustomer.org,534,105882218332
529,Erik,Guillen,erik.guillen@sakilacustomer.org,535,80593242951
530,Darryl,Ashcraft,darryl.ashcraft@sakilacustomer.org,536,717566026669
531,Jamie,Waugh,jamie.waugh@sakilacustomer.org,537,427274926505
532,Neil,Renner,neil.renner@sakilacustomer.org,538,478380208348
533,Jessie,Milam,jessie.milam@sakilacustomer.org,539,383353187467
534,Christian,Jung,christian.jung@sakilacustomer.org,540,122981120653
535,Javier,Elrod,javier.elrod@sakilacustomer.org,541,8912935608
536,Fernando,Churchill,fernando.churchill@sakilacustomer.org,542,745267607502
537,Clinton,Buford,clinton.buford@sakilacustomer.org,543,484500282381
538,Ted,Breaux,ted.breaux@sakilacustomer.org,544,488600270038
539,Mathew,Bolin,mathew.bolin@sakilacustomer.org,545,754579047924
540,Tyrone,Asher,tyrone.asher@sakilacustomer.org,546,932156667696
541,Darren,Windham,darren.windham@sakilacustomer.org,547,921960450089
542,Lonnie,Tirado,lonnie.tirado@sakilacustomer.org,548,784907335610
543,Lance,Pemberton,lance.pemberton@sakilacustomer.org,549,786270036240
544,Cody,Nolen,cody.nolen@sakilacustomer.org,550,169352919175
545,Julio,Noland,julio.noland@sakilacustomer.org,551,426346224043
546,Kelly,Knott,kelly.knott@sakilacustomer.org,552,357593328658
547,Kurt,Emmons,kurt.emmons@sakilacustomer.org,553,135407755975
548,Allan,Cornish,allan.cornish@sakilacustomer.org,554,50898428626
549,Nelson,Christenson,nelson.christenson@sakilacustomer.org,555,84794532510
550,Guy,Brownlee,guy.brownlee@sakilacustomer.org,556,978430786151
551,Clayton,Barbee,clayton.barbee@sakilacustomer.org,557,380077794770
552,Hugh,Waldrop,hugh.waldrop@sakilacustomer.org,558,955349440539
553,Max,Pitt,max.pitt@sakilacustomer.org,559,698182547686
554,Dwayne,Olvera,dwayne.olvera@sakilacustomer.org,560,62127829280
555,Dwight,Lombardi,dwight.lombardi@sakilacustomer.org,561,368738360376
556,Armando,Gruber,armando.gruber@sakilacustomer.org,562,590764256785
557,Felix,Gaffney,felix.gaffney@sakilacustomer.org,563,107092893983
558,Jimmie,Eggleston,jimmie.eggleston@sakilacustomer.org,564,970638808606
559,Everett,Banda,everett.banda@sakilacustomer.org,565,855066328617
560,Jordan,Archuleta,jordan.archuleta@sakilacustomer.org,566,817740355461
561,Ian,Still,ian.still@sakilacustomer.org,567,239357986667
562,Wallace,Slone,wallace.slone@sakilacustomer.org,568,946114054231
563,Ken,Prewitt,ken.prewitt@sakilacustomer.org,569,997453607116
564,Bob,Pfeiffer,bob.pfeiffer@sakilacustomer.org,570,203202500108
565,Jaime,Nettles,jaime.nettles@sakilacustomer.org,571,863080561151
566,Casey,Mena,casey.mena@sakilacustomer.org,572,525518075499
567,Alfredo,Mcadams,alfredo.mcadams@sakilacustomer.org,573,324346485054
568,Alberto,Henning,alberto.henning@sakilacustomer.org,574,618156722572
569,Dave,Gardiner,dave.gardiner@sakilacustomer.org,575,128499386727
570,Ivan,Cromwell,ivan.cromwell@sakilacustomer.org,576,203804046132
571,Johnnie,Chisholm,johnnie.chisholm@sakilacustomer.org,577,770864062795
572,Sidney,Burleson,sidney.burleson@sakilacustomer.org,578,867287719310
573,Byron,Box,byron.box@sakilacustomer.org,579,844018348565
574,Julian,Vest,julian.vest@sakilacustomer.org,580,315528269898
575,Isaac,Oglesby,isaac.oglesby@sakilacustomer.org,581,14465669789
576,Morris,Mccarter,morris.mccarter@sakilacustomer.org,582,278669994384
577,Clifton,Malcolm,clifton.malcolm@sakilacustomer.org,583,29341849811
578,Willard,Lumpkin,willard.lumpkin@sakilacustomer.org,584,377633994405
579,Daryl,Larue,daryl.larue@sakilacustomer.org,585,954786054144
580,Ross,Grey,ross.grey@sakilacustomer.org,586,165164761435
581,Virgil,Wofford,virgil.wofford@sakilacustomer.org,587,294449058179
582,Andy,Vanhorn,andy.vanhorn@sakilacustomer.org,588,995527378381
583,Marshall,Thorn,marshall.thorn@sakilacustomer.org,589,285710089439
584,Salvador,Teel,salvador.teel@sakilacustomer.org,590,170115379190
585,Perry,Swafford,perry.swafford@sakilacustomer.org,591,914466027044
586,Kirk,Stclair,kirk.stclair@sakilacustomer.org,592,182178609211
587,Sergio,Stanfield,sergio.stanfield@sakilacustomer.org,593,387448063440
588,Marion,Ocampo,marion.ocampo@sakilacustomer.org,594,338758048786
589,Tracy,Herrmann,tracy.herrmann@sakilacustomer.org,595,154124128457
590,Seth,Hannon,seth.hannon@sakilacustomer.org,596,864392582257
591,Kent,Arsenault,kent.arsenault@sakilacustomer.org,597,410877354933
592,Terrance,Roush,terrance.roush@sakilacustomer.org,598,437829801725
593,Rene,Mcalister,rene.mcalister@sakilacustomer.org,599,137809746111
594,Eduardo,Hiatt,eduardo.hiatt@sakilacustomer.org,600,640843562301
595,Terrence,Gunderson,terrence.gunderson@sakilacustomer.org,601,935952366111
596,Enrique,Forsythe,enrique.forsythe@sakilacustomer.org,602,199514580428
597,Freddie,Duggan,freddie.duggan@sakilacustomer.org,603,644021380889
598,Wade,Delvalle,wade.delvalle@sakilacustomer.org,604,145308717464
599,Austin,Cintron,austin.cintron@sakilacustomer.org,605,288241215394
